,FID,Id,Label,Shape__Area,Shape__Length
0,1,0.0,Moderately High,1505949298.35938,155505.265815395
1,2,0.0,Moderate,1498357635.53906,155089.836414981
2,3,,High,1498357635.54688,155089.836414983
3,4,,Low,1498357635.54688,155089.836414982
