,FID,LDHH,Layout,Rotation,Shape__Area,Shape__Length
0,1,1,Landscape,90,7200474949.25586,2845180.65312201
1,2,2,Portrait,0,10873046683.8945,625835.111303481
2,3,3,Landscape,90,15611548810.4473,2232395.00497509
3,4,4,Portrait,0,18407343518.7246,1064504.36195894
4,5,5,Portrait,0,18594351215.0664,797184.399965663
5,6,6,Landscape,90,26183187714.832,1132031.86795898
6,7,7,Portrait,0,27105143579.7305,1527353.4331111
7,8,8,Landscape,90,26390817220.3203,1076988.42648596
8,9,9,Landscape,90,11983202223.0391,751730.48291515
