,FID,DHH,Shape__Area,Shape__Length
0,1,1,19676626682.1836,711216.139305516
1,2,2,10870519556.0781,626123.97329566
2,3,3,20956475333.875,804169.497130374
3,4,4,20625559049.4941,946848.55012663
4,5,5,19582003629.3906,848939.69366764
5,6,6,26182325081.9492,1112364.33517161
6,7,7,27656802831.5781,944503.230108013
7,8,8,26386942904.6211,1068742.89038949
8,9,9,13031113401.0723,731180.074997943
