,FID,Id,Location,Shape__Area,Shape__Length
0,1,0,Lower,2344384744.80469,193675.388000023
1,2,0,Mid Lower,2344384744.80469,193675.388000023
2,3,0,Mid Upper,2344384744.8125,193675.388000023
3,4,0,Upper,2344384744.82031,193675.388000023
