,OBJECTID,LDHH,Shape__Area,Shape__Length
0,1,1,7200474952.3418,2845180.65637953
1,2,2,10873046683.8867,625835.111529737
2,3,3,15611548809.668,2232395.00630261
3,4,4,18407343518.7793,1064504.36096912
4,5,5,18594351214.6797,797184.398445426
5,6,6,26183187714.4063,1132031.86669428
6,7,7,27105143579.9766,1527353.4282929
7,8,8,26390817220.5039,1076988.42555358
8,9,9,11983202223.3301,751730.483121079
